{
	"point": {
		"2": {
			"log": [
				"[17:51:45 | 10:05:2018 | Pay] Выдал [ID: 2] игроку [ID: 8] -> 3884344$\n",
				"[17:57:54 | 10:05:2018 | Pay] Выдал [ID: 2] игроку [ID: 3] -> 3333300$\n",
				"[18:06:06 | 10:05:2018 | Pay] Выдал [ID: 2] игроку [ID: 8] -> 100000000000$\n",
				"[20:55:29 | 10:05:2018 | Pay] Выдал [ID: 8] игроку [ID: 2] -> 5000000$\n"
			]
		},
		"3": {
			"log": [
				"[17:57:54 | 10:05:2018 | Pay] Выдал [ID: 2] игроку [ID: 3] -> 3333300$\n",
				"[20:42:04 | 10:05:2018 | Pay] Выдал [ID: 8] игроку [ID: 3] -> 5000000$\n",
				"[11:36:45 | 12:05:2018 | Pay] Выдал [ID: 3] игроку [ID: 8] -> 100000$\n"
			]
		},
		"8": {
			"log": [
				"[17:51:45 | 10:05:2018 | Pay] Выдал [ID: 2] игроку [ID: 8] -> 3884344$\n",
				"[18:06:06 | 10:05:2018 | Pay] Выдал [ID: 2] игроку [ID: 8] -> 100000000000$\n",
				"[20:42:04 | 10:05:2018 | Pay] Выдал [ID: 8] игроку [ID: 3] -> 5000000$\n",
				"[20:55:29 | 10:05:2018 | Pay] Выдал [ID: 8] игроку [ID: 2] -> 5000000$\n",
				"[11:36:45 | 12:05:2018 | Pay] Выдал [ID: 3] игроку [ID: 8] -> 100000$\n",
				"[18:08:42 | 13:05:2018 | Pay] Выдал [ID: 8] игроку [ID: 38] -> 5000000$\n",
				"[22:40:55 | 15:05:2018 | Pay] Выдал [ID: 8] игроку [ID: 14] -> 5000000$\n"
			]
		},
		"12": {
			"log": [
				"[11:37:05 | 12:05:2018 | Pay] Выдал [ID: 12] игроку [ID: 38] -> 100000$\n",
				"[12:29:18 | 12:05:2018 | Pay] Выдал [ID: 12] игроку [ID: 38] -> 5000000$\n"
			]
		},
		"14": {
			"log": [
				"[22:40:55 | 15:05:2018 | Pay] Выдал [ID: 8] игроку [ID: 14] -> 5000000$\n"
			]
		},
		"22": {
			"log": [
				"[11:13:50 | 11:05:2018 | Pay] Выдал [ID: 22] игроку [ID: 24] -> 1000$\n"
			]
		},
		"24": {
			"log": [
				"[11:13:50 | 11:05:2018 | Pay] Выдал [ID: 22] игроку [ID: 24] -> 1000$\n",
				"[23:49:39 | 16:05:2018 | Pay] Выдал [ID: 24] игроку [ID: 77] -> 1$\n"
			]
		},
		"38": {
			"log": [
				"[11:37:05 | 12:05:2018 | Pay] Выдал [ID: 12] игроку [ID: 38] -> 100000$\n",
				"[12:25:34 | 12:05:2018 | Pay] Выдал [ID: 38] игроку [ID: 38] -> 1$\n",
				"[12:25:34 | 12:05:2018 | Pay] Выдал [ID: 38] игроку [ID: 38] -> 1$\n",
				"[12:29:18 | 12:05:2018 | Pay] Выдал [ID: 12] игроку [ID: 38] -> 5000000$\n",
				"[16:27:42 | 12:05:2018 | Pay] Выдал [ID: 38] игроку [ID: 38] -> 1000000$\n",
				"[16:27:42 | 12:05:2018 | Pay] Выдал [ID: 38] игроку [ID: 38] -> 1000000$\n",
				"[18:08:42 | 13:05:2018 | Pay] Выдал [ID: 8] игроку [ID: 38] -> 5000000$\n"
			]
		},
		"52": {
			"log": [
				"[13:33:18 | 13:05:2018 | Pay] Выдал [ID: 52] игроку [ID: 52] -> 10$\n",
				"[13:33:18 | 13:05:2018 | Pay] Выдал [ID: 52] игроку [ID: 52] -> 10$\n"
			]
		},
		"77": {
			"log": [
				"[23:49:39 | 16:05:2018 | Pay] Выдал [ID: 24] игроку [ID: 77] -> 1$\n"
			]
		}
	},
	"warns": {},
	"setwin": {},
	"admin": {},
	"give": {},
	"remove": {},
	"game": {}
}