{
	"18789360": {
		"id": 57
	},
	"63971075": {
		"id": 74
	},
	"77992295": {
		"id": 32
	},
	"110012350": {
		"id": 17
	},
	"169524721": {
		"id": 48
	},
	"181509472": {
		"id": 12
	},
	"197949122": {
		"id": 41
	},
	"198374134": {
		"id": 6
	},
	"237102289": {
		"id": 33
	},
	"238827359": {
		"id": 28
	},
	"239428505": {
		"id": 11
	},
	"240383713": {
		"id": 24
	},
	"251698820": {
		"id": 63
	},
	"275944431": {
		"id": 40
	},
	"277523271": {
		"id": 25
	},
	"293463233": {
		"id": 27
	},
	"297467573": {
		"id": 20
	},
	"305116389": {
		"id": 22
	},
	"307772817": {
		"id": 35
	},
	"324966354": {
		"id": 87
	},
	"328173070": {
		"id": 14
	},
	"340901865": {
		"id": 44
	},
	"343250806": {
		"id": 19
	},
	"349872735": {
		"id": 42
	},
	"351722956": {
		"id": 78
	},
	"357507954": {
		"id": 3
	},
	"371186777": {
		"id": 29
	},
	"376231311": {
		"id": 5
	},
	"394246141": {
		"id": 31
	},
	"403942836": {
		"id": 13
	},
	"416199577": {
		"id": 2
	},
	"416833847": {
		"id": 84
	},
	"421515828": {
		"id": 34
	},
	"427095973": {
		"id": 53
	},
	"447966756": {
		"id": 60
	},
	"449733852": {
		"id": 26
	},
	"454451050": {
		"id": 76
	},
	"456328195": {
		"id": 68
	},
	"457281221": {
		"id": 73
	},
	"457909679": {
		"id": 10
	},
	"460809475": {
		"id": 81
	},
	"461279728": {
		"id": 83
	},
	"463151939": {
		"id": 30
	},
	"463198445": {
		"id": 54
	},
	"464583355": {
		"id": 77
	},
	"465422276": {
		"id": 71
	},
	"467117224": {
		"id": 23
	},
	"468883791": {
		"id": 80
	},
	"472854918": {
		"id": 46
	},
	"479603906": {
		"id": 50
	},
	"486427784": {
		"id": 51
	},
	"487359652": {
		"id": 7
	},
	"487896856": {
		"id": 55
	},
	"488806768": {
		"id": 62
	},
	"489519585": {
		"id": 66
	},
	"492675506": {
		"id": 36
	},
	"494540423": {
		"id": 47
	},
	"496175718": {
		"id": 82
	},
	"497804308": {
		"id": 86
	},
	"499017897": {
		"id": 56
	},
	"500400020": {
		"id": 70
	},
	"500580851": {
		"id": 1
	},
	"503485735": {
		"id": 61
	},
	"504566366": {
		"id": 65
	},
	"505790449": {
		"id": 64
	},
	"509218903": {
		"id": 43
	},
	"513214325": {
		"id": 59
	},
	"514088331": {
		"id": 39
	},
	"515627714": {
		"id": 18
	},
	"520391340": {
		"id": 21
	},
	"521716196": {
		"id": 45
	},
	"522915915": {
		"id": 49
	},
	"523265517": {
		"id": 69
	},
	"525325969": {
		"id": 38
	},
	"526264387": {
		"id": 58
	},
	"526814608": {
		"id": 16
	},
	"529788492": {
		"id": 85
	},
	"529874502": {
		"id": 15
	},
	"533585732": {
		"id": 72
	},
	"537483902": {
		"id": 75
	},
	"541174720": {
		"id": 8
	},
	"541702102": {
		"id": 9
	},
	"542433379": {
		"id": 52
	},
	"543712714": {
		"id": 79
	},
	"543765777": {
		"id": 67
	},
	"544212903": {
		"id": 37
	},
	"undefined": {
		"id": 4
	}
}